"exposure","id.exposure","SNP","chr.exposure","pos.exposure","effect_allele.exposure","other_allele.exposure","beta.exposure","se.exposure","pval.exposure","eaf.exposure","samplesize.exposure","mr_keep.exposure","pval_origin.exposure","R2","F"
"Body mass index","ieu-a-2","rs1000940","17","5283252","G","A","0.0184","0.0033","1.812008e-08","0.2250","338903","TRUE","reported","9.172601e-05","31.08889"
"Body mass index","ieu-a-2","rs10132280","14","25928179","A","C","-0.0221","0.0033","1.400877e-11","0.3333","338856","TRUE","reported","1.323195e-04","44.84914"
"Body mass index","ieu-a-2","rs1016287","2","59305625","C","T","-0.0228","0.0033","4.355119e-12","0.6750","339033","TRUE","reported","1.408333e-04","47.73526"
"Body mass index","ieu-a-2","rs10182181","2","25150296","G","A","0.0309","0.0029","8.070492e-26","0.5000","338829","TRUE","reported","3.348884e-04","113.53203"
"Body mass index","ieu-a-2","rs10733682","9","129460914","G","A","-0.0188","0.0030","2.454992e-10","0.5750","336886","TRUE","reported","1.158637e-04","39.27088"
"Body mass index","ieu-a-2","rs10840100","11","8669437","G","A","0.0206","0.0030","6.666532e-12","0.7250","339135","TRUE","reported","1.391093e-04","47.15083"
"Body mass index","ieu-a-2","rs11030104","11","27684517","G","A","-0.0416","0.0037","6.657329e-30","0.2000","339035","TRUE","reported","3.728600e-04","126.40977"
"Body mass index","ieu-a-2","rs11057405","12","122781897","A","G","-0.0304","0.0053","1.220000e-08","0.0917","328905","TRUE","reported","9.706840e-05","32.89977"
"Body mass index","ieu-a-2","rs11165643","1","96924097","T","C","0.0221","0.0030","1.433838e-13","0.5750","337797","TRUE","reported","1.601021e-04","54.26746"
"Body mass index","ieu-a-2","rs11672660","19","46180184","T","C","-0.0339","0.0038","7.910428e-19","0.1750","312079","TRUE","reported","2.347766e-04","79.58471"
"Body mass index","ieu-a-2","rs1167827","7","75163169","G","A","0.0200","0.0031","1.975013e-10","0.5417","323308","TRUE","reported","1.228027e-04","41.62306"
"Body mass index","ieu-a-2","rs11727676","4","145659064","C","T","-0.0365","0.0063","6.246978e-09","0.0750","311073","TRUE","reported","9.903443e-05","33.56619"
"Body mass index","ieu-a-2","rs12286929","11","115022404","G","A","0.0211","0.0029","5.442520e-13","0.4333","337453","TRUE","reported","1.561801e-04","52.93786"
"Body mass index","ieu-a-2","rs12429545","13","54102206","A","G","0.0324","0.0044","3.152100e-13","0.1000","330001","TRUE","reported","1.599705e-04","54.22282"
"Body mass index","ieu-a-2","rs12448257","16","3599655","A","G","0.0246","0.0037","3.897625e-11","0.2250","330330","TRUE","reported","1.304172e-04","44.20427"
"Body mass index","ieu-a-2","rs12940622","17","78615571","A","G","-0.0183","0.0029","3.635968e-10","0.4583","339097","TRUE","reported","1.174843e-04","39.82022"
"Body mass index","ieu-a-2","rs12986742","2","58975143","C","T","0.0207","0.0036","8.924009e-09","0.5000","235995","TRUE","reported","9.754790e-05","33.06230"
"Body mass index","ieu-a-2","rs13021737","2","632348","G","A","0.0604","0.0039","5.438761e-54","0.8750","333169","TRUE","reported","7.072321e-04","239.85131"
"Body mass index","ieu-a-2","rs13078960","3","85807590","G","T","0.0290","0.0038","1.422984e-14","0.1833","339205","TRUE","reported","1.718220e-04","58.24065"
"Body mass index","ieu-a-2","rs13107325","4","103188709","T","C","0.0472","0.0066","1.063898e-12","0.1167","335619","TRUE","reported","1.508882e-04","51.14387"
"Body mass index","ieu-a-2","rs13130484","4","45175691","T","C","0.0398","0.0030","8.011245e-41","0.4333","338185","TRUE","reported","5.190662e-04","176.00341"
"Body mass index","ieu-a-2","rs13191362","6","163033350","G","A","-0.0285","0.0047","1.091993e-09","0.2000","338058","TRUE","reported","1.084854e-04","36.76981"
"Body mass index","ieu-a-2","rs13201877","6","137675541","G","A","0.0236","0.0043","4.284992e-08","0.0833","339026","TRUE","reported","8.887366e-05","30.12205"
"Body mass index","ieu-a-2","rs13329567","15","68104367","T","C","-0.0307","0.0035","1.526160e-18","0.2167","338200","TRUE","reported","2.269691e-04","76.93751"
"Body mass index","ieu-a-2","rs1421085","16","53800954","C","T","0.0803","0.0030","2.167704e-158","0.4500","333087","TRUE","reported","2.109580e-03","716.45022"
"Body mass index","ieu-a-2","rs1441264","13","79580919","A","G","0.0172","0.0031","2.959034e-08","0.5500","326858","TRUE","reported","9.082777e-05","30.78442"
"Body mass index","ieu-a-2","rs1460676","2","164567689","C","T","0.0209","0.0038","4.977944e-08","0.2167","339157","TRUE","reported","8.925061e-05","30.24982"
"Body mass index","ieu-a-2","rs14810","19","34304903","G","C","0.0183","0.0033","1.923003e-08","0.6750","338718","TRUE","reported","9.073179e-05","30.75188"
"Body mass index","ieu-a-2","rs1516725","3","185824004","C","T","0.0448","0.0044","1.394119e-24","0.9083","337708","TRUE","reported","3.058035e-04","103.66881"
"Body mass index","ieu-a-2","rs1528435","2","181550962","T","C","0.0175","0.0030","4.773973e-09","0.5833","338993","TRUE","reported","1.003956e-04","34.02758"
"Body mass index","ieu-a-2","rs16851483","3","141275436","T","G","0.0478","0.0075","1.849993e-10","0.0917","236091","TRUE","reported","1.198411e-04","40.61914"
"Body mass index","ieu-a-2","rs17001654","4","77129568","G","C","0.0304","0.0052","5.030950e-09","0.1583","235884","TRUE","reported","1.008373e-04","34.17731"
"Body mass index","ieu-a-2","rs17066856","18","58049656","C","T","-0.0371","0.0050","2.003088e-13","0.1333","336765","TRUE","reported","1.624284e-04","55.05608"
"Body mass index","ieu-a-2","rs17094222","10","102395440","C","T","0.0249","0.0037","2.186251e-11","0.2083","338823","TRUE","reported","1.336170e-04","45.28899"
"Body mass index","ieu-a-2","rs17203016","2","208255518","G","A","0.0211","0.0038","3.405964e-08","0.2000","333383","TRUE","reported","9.096677e-05","30.83154"
"Body mass index","ieu-a-2","rs17381664","1","78048331","C","T","0.0201","0.0031","4.567726e-11","0.4250","339065","TRUE","reported","1.240336e-04","42.04033"
"Body mass index","ieu-a-2","rs17724992","19","18454825","G","A","-0.0196","0.0034","7.786997e-09","0.3083","334494","TRUE","reported","9.804745e-05","33.23164"
"Body mass index","ieu-a-2","rs1928295","9","120378483","C","T","-0.0182","0.0029","4.317974e-10","0.4250","337265","TRUE","reported","1.162040e-04","39.38621"
"Body mass index","ieu-a-2","rs2060604","8","76650334","C","T","-0.0203","0.0030","9.460193e-12","0.4417","339152","TRUE","reported","1.350876e-04","45.78751"
"Body mass index","ieu-a-2","rs2112347","5","75015242","G","T","-0.0254","0.0030","1.960198e-17","0.3750","339082","TRUE","reported","2.114743e-04","71.68402"
"Body mass index","ieu-a-2","rs2176598","11","43864278","C","T","-0.0185","0.0033","3.468966e-08","0.8000","333918","TRUE","reported","9.272565e-05","31.42773"
"Body mass index","ieu-a-2","rs2183825","9","28412375","C","T","0.0241","0.0032","2.222798e-14","0.2917","339127","TRUE","reported","1.673347e-04","56.71939"
"Body mass index","ieu-a-2","rs2303223","16","31075175","A","G","-0.0190","0.0031","5.132985e-10","0.3750","339052","TRUE","reported","1.108307e-04","37.56481"
"Body mass index","ieu-a-2","rs2365389","3","61236462","T","C","-0.0195","0.0030","1.346015e-10","0.3417","331668","TRUE","reported","1.246514e-04","42.24975"
"Body mass index","ieu-a-2","rs2820292","1","201784287","C","A","0.0181","0.0029","5.452052e-10","0.5083","338768","TRUE","reported","1.149306e-04","38.95459"
"Body mass index","ieu-a-2","rs2836754","21","40291740","C","T","0.0169","0.0030","1.604981e-08","0.6500","337300","TRUE","reported","9.362996e-05","31.73426"
"Body mass index","ieu-a-2","rs2890652","2","142959931","C","T","0.0279","0.0049","1.241995e-08","0.1250","218359","TRUE","reported","9.565315e-05","32.42005"
"Body mass index","ieu-a-2","rs3736485","15","51748610","G","A","-0.0160","0.0029","4.523973e-08","0.5750","338449","TRUE","reported","8.981100e-05","30.43977"
"Body mass index","ieu-a-2","rs3800229","6","108996963","T","G","0.0175","0.0032","4.950055e-08","0.6917","339072","TRUE","reported","8.823937e-05","29.90705"
"Body mass index","ieu-a-2","rs3817334","11","47650993","T","C","0.0256","0.0030","1.167885e-17","0.4500","339006","TRUE","reported","2.148170e-04","72.81735"
"Body mass index","ieu-a-2","rs3849570","3","81792112","A","C","0.0183","0.0033","1.932992e-08","0.3667","294030","TRUE","reported","9.073179e-05","30.75188"
"Body mass index","ieu-a-2","rs3888190","16","28889486","A","C","0.0311","0.0030","3.453822e-25","0.3583","338077","TRUE","reported","3.170043e-04","107.46714"
"Body mass index","ieu-a-2","rs4740619","9","15634326","C","T","-0.0170","0.0029","6.355943e-09","0.4667","338930","TRUE","reported","1.013870e-04","34.36365"
"Body mass index","ieu-a-2","rs543874","1","177889480","G","A","0.0497","0.0037","2.287178e-40","0.2667","339078","TRUE","reported","5.321116e-04","180.42918"
"Body mass index","ieu-a-2","rs6091540","20","51087862","T","C","-0.0185","0.0033","2.138011e-08","0.2750","339045","TRUE","reported","9.272565e-05","31.42773"
"Body mass index","ieu-a-2","rs6457796","6","34828553","C","T","0.0209","0.0033","2.535012e-10","0.2583","337750","TRUE","reported","1.183417e-04","40.11087"
"Body mass index","ieu-a-2","rs6477694","9","111932342","T","C","-0.0169","0.0030","1.704983e-08","0.6417","339115","TRUE","reported","9.362996e-05","31.73426"
"Body mass index","ieu-a-2","rs6567160","18","57829135","C","T","0.0562","0.0035","6.683439e-59","0.2833","339006","TRUE","reported","7.602052e-04","257.83032"
"Body mass index","ieu-a-2","rs657452","1","49589847","G","A","-0.0227","0.0031","2.123244e-13","0.5833","318585","TRUE","reported","1.581919e-04","53.61987"
"Body mass index","ieu-a-2","rs6713510","2","227034499","A","G","0.0164","0.0029","1.974013e-08","0.4833","339118","TRUE","reported","9.435726e-05","31.98079"
"Body mass index","ieu-a-2","rs6804842","3","25106437","G","A","0.0183","0.0030","8.016042e-10","0.5750","338525","TRUE","reported","1.097834e-04","37.20978"
"Body mass index","ieu-a-2","rs7138803","12","50247468","A","G","0.0320","0.0030","5.114463e-26","0.4417","339162","TRUE","reported","3.356111e-04","113.77711"
"Body mass index","ieu-a-2","rs7144011","14","79940383","T","G","0.0274","0.0035","6.045051e-15","0.2750","338347","TRUE","reported","1.808053e-04","61.28617"
"Body mass index","ieu-a-2","rs7531118","1","72837239","C","T","0.0331","0.0030","1.880182e-28","0.6083","338123","TRUE","reported","3.590725e-04","121.73373"
"Body mass index","ieu-a-2","rs7550711","1","110082886","T","C","0.0659","0.0087","5.059411e-14","0.0339","313621","TRUE","reported","1.692713e-04","57.37593"
"Body mass index","ieu-a-2","rs7599312","2","213413231","A","G","-0.0214","0.0033","4.730423e-11","0.2917","338186","TRUE","reported","1.240710e-04","42.05301"
"Body mass index","ieu-a-2","rs7715256","5","153537893","T","G","-0.0168","0.0029","8.850952e-09","0.5500","339153","TRUE","reported","9.901572e-05","33.55985"
"Body mass index","ieu-a-2","rs7899106","10","87410904","G","A","0.0379","0.0067","1.268995e-08","0.0500","338835","TRUE","reported","9.440878e-05","31.99825"
"Body mass index","ieu-a-2","rs7903146","10","114758349","T","C","-0.0235","0.0033","1.103062e-12","0.2500","339198","TRUE","reported","1.496124e-04","50.71136"
"Body mass index","ieu-a-2","rs879620","16","4015729","T","C","0.0244","0.0039","3.939036e-10","0.5917","235997","TRUE","reported","1.154848e-04","39.14244"
"Body mass index","ieu-a-2","rs891389","18","21087531","T","C","0.0209","0.0037","1.617000e-08","0.3250","236115","TRUE","reported","9.413970e-05","31.90704"
"Body mass index","ieu-a-2","rs9304665","19","47602577","A","T","0.0243","0.0043","1.594006e-08","0.7000","234806","TRUE","reported","9.422351e-05","31.93545"
"Body mass index","ieu-a-2","rs9374842","6","120185665","T","C","0.0196","0.0034","7.197969e-09","0.7417","339068","TRUE","reported","9.804745e-05","33.23164"
"Body mass index","ieu-a-2","rs943005","6","50865820","T","C","0.0444","0.0038","4.523765e-31","0.1000","339197","TRUE","reported","4.026692e-04","136.51997"
"Body mass index","ieu-a-2","rs9540493","13","66205704","G","A","-0.0182","0.0031","3.952028e-09","0.5500","336023","TRUE","reported","1.016950e-04","34.46806"
"Body mass index","ieu-a-2","rs9579083","13","28017270","C","G","0.0295","0.0046","1.426002e-10","0.2333","235969","TRUE","reported","1.213390e-04","41.12688"
"Body mass index","ieu-a-2","rs977747","1","47684677","G","T","-0.0168","0.0030","2.181976e-08","0.5333","339152","TRUE","reported","9.252529e-05","31.35981"
"Body mass index","ieu-a-2","rs9926784","16","19941968","C","T","-0.0249","0.0038","8.548698e-11","0.2083","333191","TRUE","reported","1.266780e-04","42.93673"